INSERT INTO artiste (nom, prenom, nom_scene, date_naissance, date_mort, photo, type_artiste, style_musical) VALUES ("Le Wanksi", "Le Wanksi", "Le Wanksi", '2000-01-01', NULL, "https://i.scdn.co/image/ab6761610000e5eb88078837e4a9e9c82678479f", "artist", "acidcore");
SET @id_artiste := LAST_INSERT_ID();
INSERT INTO album (titre, date_parution, cover) VALUES ("Écume Pastel", "2023-04-26", "https://i.scdn.co/image/ab67616d0000b273b9dbad1b23712859e98101e2");
SET @id_album := LAST_INSERT_ID();
INSERT INTO a_publie (id_album, id_artiste) VALUES (@id_album, @id_artiste);
INSERT INTO morceau (titre, duree, style_musical, emplacement_morceau) VALUES ("Écume Pastel", "05.17", "acidcore", "http://prj-web-cir2-grp-58/assets/music/Le_Wanksi/Ecume_Pastel_Ecume_Pastel.mp3");
SET @id_morceau := LAST_INSERT_ID();
INSERT INTO album_contient_morceaux (id_album, id_morceau) VALUES (@id_album, @id_morceau);
INSERT INTO album (titre, date_parution, cover) VALUES ("Mnémosyne", "2023-04-26", "https://i.scdn.co/image/ab67616d0000b273ce46a589ea83c9abd988f1d9");
SET @id_album := LAST_INSERT_ID();
INSERT INTO a_publie (id_album, id_artiste) VALUES (@id_album, @id_artiste);
INSERT INTO morceau (titre, duree, style_musical, emplacement_morceau) VALUES ("Mnémosyne", "07.22", "acidcore", "http://prj-web-cir2-grp-58/assets/music/Le_Wanksi/Mnemosyne_Mnemosyne.mp3");
SET @id_morceau := LAST_INSERT_ID();
INSERT INTO album_contient_morceaux (id_album, id_morceau) VALUES (@id_album, @id_morceau);
INSERT INTO album (titre, date_parution, cover) VALUES ("Cauchemar", "2023-04-06", "https://i.scdn.co/image/ab67616d0000b27326423e42506cb5e63f85a726");
SET @id_album := LAST_INSERT_ID();
INSERT INTO a_publie (id_album, id_artiste) VALUES (@id_album, @id_artiste);
INSERT INTO morceau (titre, duree, style_musical, emplacement_morceau) VALUES ("Cauchemar", "07.22", "acidcore", "http://prj-web-cir2-grp-58/assets/music/Le_Wanksi/Cauchemar_Cauchemar.mp3");
SET @id_morceau := LAST_INSERT_ID();
INSERT INTO album_contient_morceaux (id_album, id_morceau) VALUES (@id_album, @id_morceau);
INSERT INTO album (titre, date_parution, cover) VALUES ("Lune", "2023-03-20", "https://i.scdn.co/image/ab67616d0000b273d727b7dba196b775797582e3");
SET @id_album := LAST_INSERT_ID();
INSERT INTO a_publie (id_album, id_artiste) VALUES (@id_album, @id_artiste);
INSERT INTO morceau (titre, duree, style_musical, emplacement_morceau) VALUES ("Lune", "07.22", "acidcore", "http://prj-web-cir2-grp-58/assets/music/Le_Wanksi/Lune_Lune.mp3");
SET @id_morceau := LAST_INSERT_ID();
INSERT INTO album_contient_morceaux (id_album, id_morceau) VALUES (@id_album, @id_morceau);
INSERT INTO album (titre, date_parution, cover) VALUES ("L'Épidémie Dansante", "2023-03-17", "https://i.scdn.co/image/ab67616d0000b273ae2c6d357c24ed5a95f5f0cb");
SET @id_album := LAST_INSERT_ID();
INSERT INTO a_publie (id_album, id_artiste) VALUES (@id_album, @id_artiste);
INSERT INTO morceau (titre, duree, style_musical, emplacement_morceau) VALUES ("L'Épidémie Dansante", "05.29", "acidcore", "http://prj-web-cir2-grp-58/assets/music/Le_Wanksi/L_Epidemie_Dansante_L_Epidemie_Dansante.mp3");
SET @id_morceau := LAST_INSERT_ID();
INSERT INTO album_contient_morceaux (id_album, id_morceau) VALUES (@id_album, @id_morceau);
INSERT INTO album (titre, date_parution, cover) VALUES ("Ça Monte", "2023-03-14", "https://i.scdn.co/image/ab67616d0000b2733798f0c3b6e6bd98e9743064");
SET @id_album := LAST_INSERT_ID();
INSERT INTO a_publie (id_album, id_artiste) VALUES (@id_album, @id_artiste);
INSERT INTO morceau (titre, duree, style_musical, emplacement_morceau) VALUES ("Ça Monte", "06.40", "acidcore", "http://prj-web-cir2-grp-58/assets/music/Le_Wanksi/Ca_Monte_Ca_Monte.mp3");
SET @id_morceau := LAST_INSERT_ID();
INSERT INTO album_contient_morceaux (id_album, id_morceau) VALUES (@id_album, @id_morceau);
INSERT INTO album (titre, date_parution, cover) VALUES ("revêR", "2023-03-04", "https://i.scdn.co/image/ab67616d0000b2734ad6df469b918f4d0168ad75");
SET @id_album := LAST_INSERT_ID();
INSERT INTO a_publie (id_album, id_artiste) VALUES (@id_album, @id_artiste);
INSERT INTO morceau (titre, duree, style_musical, emplacement_morceau) VALUES ("revêR", "07.41", "acidcore", "http://prj-web-cir2-grp-58/assets/music/Le_Wanksi/reveR_reveR.mp3");
SET @id_morceau := LAST_INSERT_ID();
INSERT INTO album_contient_morceaux (id_album, id_morceau) VALUES (@id_album, @id_morceau);
INSERT INTO album (titre, date_parution, cover) VALUES ("Wailing", "2023-03-04", "https://i.scdn.co/image/ab67616d0000b273282b64d5c4254c5802495e18");
SET @id_album := LAST_INSERT_ID();
INSERT INTO a_publie (id_album, id_artiste) VALUES (@id_album, @id_artiste);
INSERT INTO morceau (titre, duree, style_musical, emplacement_morceau) VALUES ("Wailing", "07.12", "acidcore", "http://prj-web-cir2-grp-58/assets/music/Le_Wanksi/Wailing_Wailing.mp3");
SET @id_morceau := LAST_INSERT_ID();
INSERT INTO album_contient_morceaux (id_album, id_morceau) VALUES (@id_album, @id_morceau);
INSERT INTO album (titre, date_parution, cover) VALUES ("Vie", "2023-03-04", "https://i.scdn.co/image/ab67616d0000b273051feff6ebd5b7ea21bef237");
SET @id_album := LAST_INSERT_ID();
INSERT INTO a_publie (id_album, id_artiste) VALUES (@id_album, @id_artiste);
INSERT INTO morceau (titre, duree, style_musical, emplacement_morceau) VALUES ("Vie", "04.30", "acidcore", "http://prj-web-cir2-grp-58/assets/music/Le_Wanksi/Vie_Vie.mp3");
SET @id_morceau := LAST_INSERT_ID();
INSERT INTO album_contient_morceaux (id_album, id_morceau) VALUES (@id_album, @id_morceau);
INSERT INTO album (titre, date_parution, cover) VALUES ("Venin", "2023-03-04", "https://i.scdn.co/image/ab67616d0000b27366ab78d9532a4aa4330233f1");
SET @id_album := LAST_INSERT_ID();
INSERT INTO a_publie (id_album, id_artiste) VALUES (@id_album, @id_artiste);
INSERT INTO morceau (titre, duree, style_musical, emplacement_morceau) VALUES ("Venin", "06.03", "acidcore", "http://prj-web-cir2-grp-58/assets/music/Le_Wanksi/Venin_Venin.mp3");
SET @id_morceau := LAST_INSERT_ID();
INSERT INTO album_contient_morceaux (id_album, id_morceau) VALUES (@id_album, @id_morceau);
INSERT INTO album (titre, date_parution, cover) VALUES ("VHS Rave", "2023-03-04", "https://i.scdn.co/image/ab67616d0000b2731b2f100766930bc5ca796050");
SET @id_album := LAST_INSERT_ID();
INSERT INTO a_publie (id_album, id_artiste) VALUES (@id_album, @id_artiste);
INSERT INTO morceau (titre, duree, style_musical, emplacement_morceau) VALUES ("VHS Rave", "05.18", "acidcore", "http://prj-web-cir2-grp-58/assets/music/Le_Wanksi/VHS_Rave_VHS_Rave.mp3");
SET @id_morceau := LAST_INSERT_ID();
INSERT INTO album_contient_morceaux (id_album, id_morceau) VALUES (@id_album, @id_morceau);
INSERT INTO album (titre, date_parution, cover) VALUES ("Un Petit Peu", "2023-03-04", "https://i.scdn.co/image/ab67616d0000b2734e146b2467cb00e3232f73a8");
SET @id_album := LAST_INSERT_ID();
INSERT INTO a_publie (id_album, id_artiste) VALUES (@id_album, @id_artiste);
INSERT INTO morceau (titre, duree, style_musical, emplacement_morceau) VALUES ("Un Petit Peu", "04.30", "acidcore", "http://prj-web-cir2-grp-58/assets/music/Le_Wanksi/Un_Petit_Peu_Un_Petit_Peu.mp3");
SET @id_morceau := LAST_INSERT_ID();
INSERT INTO album_contient_morceaux (id_album, id_morceau) VALUES (@id_album, @id_morceau);
INSERT INTO album (titre, date_parution, cover) VALUES ("Temps De Cerveau Disponible", "2023-03-04", "https://i.scdn.co/image/ab67616d0000b273dc196cc988ab74d407db33d0");
SET @id_album := LAST_INSERT_ID();
INSERT INTO a_publie (id_album, id_artiste) VALUES (@id_album, @id_artiste);
INSERT INTO morceau (titre, duree, style_musical, emplacement_morceau) VALUES ("Temps De Cerveau Disponible", "07.40", "acidcore", "http://prj-web-cir2-grp-58/assets/music/Le_Wanksi/Temps_De_Cerveau_Disponible_Temps_De_Cerveau_Disponible.mp3");
SET @id_morceau := LAST_INSERT_ID();
INSERT INTO album_contient_morceaux (id_album, id_morceau) VALUES (@id_album, @id_morceau);
INSERT INTO album (titre, date_parution, cover) VALUES ("Tarte à la myrtille", "2023-03-04", "https://i.scdn.co/image/ab67616d0000b273cc2ea5ca6c8591f602702c86");
SET @id_album := LAST_INSERT_ID();
INSERT INTO a_publie (id_album, id_artiste) VALUES (@id_album, @id_artiste);
INSERT INTO morceau (titre, duree, style_musical, emplacement_morceau) VALUES ("Tarte à la myrtille", "06.40", "acidcore", "http://prj-web-cir2-grp-58/assets/music/Le_Wanksi/Tarte_a_la_myrtille_Tarte_a_la_myrtille.mp3");
SET @id_morceau := LAST_INSERT_ID();
INSERT INTO album_contient_morceaux (id_album, id_morceau) VALUES (@id_album, @id_morceau);
INSERT INTO album (titre, date_parution, cover) VALUES ("Tape Des Pieds", "2023-03-04", "https://i.scdn.co/image/ab67616d0000b2730fa23e37437a46fba230a4d5");
SET @id_album := LAST_INSERT_ID();
INSERT INTO a_publie (id_album, id_artiste) VALUES (@id_album, @id_artiste);
INSERT INTO morceau (titre, duree, style_musical, emplacement_morceau) VALUES ("Tape Des Pieds", "03.27", "acidcore", "http://prj-web-cir2-grp-58/assets/music/Le_Wanksi/Tape_Des_Pieds_Tape_Des_Pieds.mp3");
SET @id_morceau := LAST_INSERT_ID();
INSERT INTO album_contient_morceaux (id_album, id_morceau) VALUES (@id_album, @id_morceau);
INSERT INTO album (titre, date_parution, cover) VALUES ("Sois Méchant, Pas Gentil", "2023-03-04", "https://i.scdn.co/image/ab67616d0000b27304f6b55aed6b905f7679a634");
SET @id_album := LAST_INSERT_ID();
INSERT INTO a_publie (id_album, id_artiste) VALUES (@id_album, @id_artiste);
INSERT INTO morceau (titre, duree, style_musical, emplacement_morceau) VALUES ("Sois Méchant, Pas Gentil", "04.50", "acidcore", "http://prj-web-cir2-grp-58/assets/music/Le_Wanksi/Sois_Mechant__Pas_Gentil_Sois_Mechant__Pas_Gentil.mp3");
SET @id_morceau := LAST_INSERT_ID();
INSERT INTO album_contient_morceaux (id_album, id_morceau) VALUES (@id_album, @id_morceau);
INSERT INTO album (titre, date_parution, cover) VALUES ("She Babao", "2023-03-04", "https://i.scdn.co/image/ab67616d0000b273c25b9fafc916ea1fefcaca65");
SET @id_album := LAST_INSERT_ID();
INSERT INTO a_publie (id_album, id_artiste) VALUES (@id_album, @id_artiste);
INSERT INTO morceau (titre, duree, style_musical, emplacement_morceau) VALUES ("She Babao", "03.54", "acidcore", "http://prj-web-cir2-grp-58/assets/music/Le_Wanksi/She_Babao_She_Babao.mp3");
SET @id_morceau := LAST_INSERT_ID();
INSERT INTO album_contient_morceaux (id_album, id_morceau) VALUES (@id_album, @id_morceau);
INSERT INTO album (titre, date_parution, cover) VALUES ("Psychotic", "2023-03-04", "https://i.scdn.co/image/ab67616d0000b273d95176ad1058f45a58ef1a94");
SET @id_album := LAST_INSERT_ID();
INSERT INTO a_publie (id_album, id_artiste) VALUES (@id_album, @id_artiste);
INSERT INTO morceau (titre, duree, style_musical, emplacement_morceau) VALUES ("Psychotic", "04.04", "acidcore", "http://prj-web-cir2-grp-58/assets/music/Le_Wanksi/Psychotic_Psychotic.mp3");
SET @id_morceau := LAST_INSERT_ID();
INSERT INTO album_contient_morceaux (id_album, id_morceau) VALUES (@id_album, @id_morceau);
INSERT INTO album (titre, date_parution, cover) VALUES ("Psychonautes", "2023-03-04", "https://i.scdn.co/image/ab67616d0000b273052ba7ddd3e2d3554404277c");
SET @id_album := LAST_INSERT_ID();
INSERT INTO a_publie (id_album, id_artiste) VALUES (@id_album, @id_artiste);
INSERT INTO morceau (titre, duree, style_musical, emplacement_morceau) VALUES ("Psychonautes", "04.57", "acidcore", "http://prj-web-cir2-grp-58/assets/music/Le_Wanksi/Psychonautes_Psychonautes.mp3");
SET @id_morceau := LAST_INSERT_ID();
INSERT INTO album_contient_morceaux (id_album, id_morceau) VALUES (@id_album, @id_morceau);
INSERT INTO album (titre, date_parution, cover) VALUES ("Poule Renard Vipère", "2023-03-04", "https://i.scdn.co/image/ab67616d0000b273a8a021ef595de40cffc6700b");
SET @id_album := LAST_INSERT_ID();
INSERT INTO a_publie (id_album, id_artiste) VALUES (@id_album, @id_artiste);
INSERT INTO morceau (titre, duree, style_musical, emplacement_morceau) VALUES ("Poule Renard Vipère", "05.31", "acidcore", "http://prj-web-cir2-grp-58/assets/music/Le_Wanksi/Poule_Renard_Vipere_Poule_Renard_Vipere.mp3");
SET @id_morceau := LAST_INSERT_ID();
INSERT INTO album_contient_morceaux (id_album, id_morceau) VALUES (@id_album, @id_morceau);
INSERT INTO album (titre, date_parution, cover) VALUES ("Mangala", "2023-03-04", "https://i.scdn.co/image/ab67616d0000b2732d024aedcb13bfee6a85b342");
SET @id_album := LAST_INSERT_ID();
INSERT INTO a_publie (id_album, id_artiste) VALUES (@id_album, @id_artiste);
INSERT INTO morceau (titre, duree, style_musical, emplacement_morceau) VALUES ("Mangala", "06.24", "acidcore", "http://prj-web-cir2-grp-58/assets/music/Le_Wanksi/Mangala_Mangala.mp3");
SET @id_morceau := LAST_INSERT_ID();
INSERT INTO album_contient_morceaux (id_album, id_morceau) VALUES (@id_album, @id_morceau);
INSERT INTO album (titre, date_parution, cover) VALUES ("Maman va gueuler", "2023-03-04", "https://i.scdn.co/image/ab67616d0000b273d4d10df2ac70da05fc4b8595");
SET @id_album := LAST_INSERT_ID();
INSERT INTO a_publie (id_album, id_artiste) VALUES (@id_album, @id_artiste);
INSERT INTO morceau (titre, duree, style_musical, emplacement_morceau) VALUES ("Maman va gueuler", "06.01", "acidcore", "http://prj-web-cir2-grp-58/assets/music/Le_Wanksi/Maman_va_gueuler_Maman_va_gueuler.mp3");
SET @id_morceau := LAST_INSERT_ID();
INSERT INTO album_contient_morceaux (id_album, id_morceau) VALUES (@id_album, @id_morceau);
INSERT INTO album (titre, date_parution, cover) VALUES ("M.U.S.H", "2023-03-04", "https://i.scdn.co/image/ab67616d0000b273abc3cbc5740cb6a39c5195bd");
SET @id_album := LAST_INSERT_ID();
INSERT INTO a_publie (id_album, id_artiste) VALUES (@id_album, @id_artiste);
INSERT INTO morceau (titre, duree, style_musical, emplacement_morceau) VALUES ("M.U.S.H", "07.22", "acidcore", "http://prj-web-cir2-grp-58/assets/music/Le_Wanksi/M_U_S_H_M_U_S_H.mp3");
SET @id_morceau := LAST_INSERT_ID();
INSERT INTO album_contient_morceaux (id_album, id_morceau) VALUES (@id_album, @id_morceau);
INSERT INTO album (titre, date_parution, cover) VALUES ("Les petits bonbons anglais", "2023-03-04", "https://i.scdn.co/image/ab67616d0000b273a94edf6d2d0684d2f01f247c");
SET @id_album := LAST_INSERT_ID();
INSERT INTO a_publie (id_album, id_artiste) VALUES (@id_album, @id_artiste);
INSERT INTO morceau (titre, duree, style_musical, emplacement_morceau) VALUES ("Les petits bonbons anglais", "06.12", "acidcore", "http://prj-web-cir2-grp-58/assets/music/Le_Wanksi/Les_petits_bonbons_anglais_Les_petits_bonbons_anglais.mp3");
SET @id_morceau := LAST_INSERT_ID();
INSERT INTO album_contient_morceaux (id_album, id_morceau) VALUES (@id_album, @id_morceau);
INSERT INTO album (titre, date_parution, cover) VALUES ("Le Teufeur Du Grenier", "2023-03-04", "https://i.scdn.co/image/ab67616d0000b27309e58acc05041030534981cf");
SET @id_album := LAST_INSERT_ID();
INSERT INTO a_publie (id_album, id_artiste) VALUES (@id_album, @id_artiste);
INSERT INTO morceau (titre, duree, style_musical, emplacement_morceau) VALUES ("Le Teufeur Du Grenier", "05.47", "acidcore", "http://prj-web-cir2-grp-58/assets/music/Le_Wanksi/Le_Teufeur_Du_Grenier_Le_Teufeur_Du_Grenier.mp3");
SET @id_morceau := LAST_INSERT_ID();
INSERT INTO album_contient_morceaux (id_album, id_morceau) VALUES (@id_album, @id_morceau);
INSERT INTO album (titre, date_parution, cover) VALUES ("Le Temps", "2023-03-04", "https://i.scdn.co/image/ab67616d0000b2737eff7cc64a35eea0a4271995");
SET @id_album := LAST_INSERT_ID();
INSERT INTO a_publie (id_album, id_artiste) VALUES (@id_album, @id_artiste);
INSERT INTO morceau (titre, duree, style_musical, emplacement_morceau) VALUES ("Le Temps", "06.11", "acidcore", "http://prj-web-cir2-grp-58/assets/music/Le_Wanksi/Le_Temps_Le_Temps.mp3");
SET @id_morceau := LAST_INSERT_ID();
INSERT INTO album_contient_morceaux (id_album, id_morceau) VALUES (@id_album, @id_morceau);
INSERT INTO album (titre, date_parution, cover) VALUES ("La Dune Aux Épaves", "2023-03-04", "https://i.scdn.co/image/ab67616d0000b273aee145253f734132cd5c72fd");
SET @id_album := LAST_INSERT_ID();
INSERT INTO a_publie (id_album, id_artiste) VALUES (@id_album, @id_artiste);
INSERT INTO morceau (titre, duree, style_musical, emplacement_morceau) VALUES ("La Dune Aux Épaves", "05.44", "acidcore", "http://prj-web-cir2-grp-58/assets/music/Le_Wanksi/La_Dune_Aux_Epaves_La_Dune_Aux_Epaves.mp3");
SET @id_morceau := LAST_INSERT_ID();
INSERT INTO album_contient_morceaux (id_album, id_morceau) VALUES (@id_album, @id_morceau);
INSERT INTO album (titre, date_parution, cover) VALUES ("La Couleur Du Son", "2023-03-04", "https://i.scdn.co/image/ab67616d0000b27379d47fc3020660c10147e924");
SET @id_album := LAST_INSERT_ID();
INSERT INTO a_publie (id_album, id_artiste) VALUES (@id_album, @id_artiste);
INSERT INTO morceau (titre, duree, style_musical, emplacement_morceau) VALUES ("La Couleur Du Son", "07.03", "acidcore", "http://prj-web-cir2-grp-58/assets/music/Le_Wanksi/La_Couleur_Du_Son_La_Couleur_Du_Son.mp3");
SET @id_morceau := LAST_INSERT_ID();
INSERT INTO album_contient_morceaux (id_album, id_morceau) VALUES (@id_album, @id_morceau);
INSERT INTO album (titre, date_parution, cover) VALUES ("L'Ivresse Des Montagnes", "2023-03-04", "https://i.scdn.co/image/ab67616d0000b27384f3d01dad78afccf82a70e3");
SET @id_album := LAST_INSERT_ID();
INSERT INTO a_publie (id_album, id_artiste) VALUES (@id_album, @id_artiste);
INSERT INTO morceau (titre, duree, style_musical, emplacement_morceau) VALUES ("L'Ivresse Des Montagnes", "05.49", "acidcore", "http://prj-web-cir2-grp-58/assets/music/Le_Wanksi/L_Ivresse_Des_Montagnes_L_Ivresse_Des_Montagnes.mp3");
SET @id_morceau := LAST_INSERT_ID();
INSERT INTO album_contient_morceaux (id_album, id_morceau) VALUES (@id_album, @id_morceau);
INSERT INTO album (titre, date_parution, cover) VALUES ("Intelligence Artificielle", "2023-03-04", "https://i.scdn.co/image/ab67616d0000b273153b282cccb83ac87d0e0967");
SET @id_album := LAST_INSERT_ID();
INSERT INTO a_publie (id_album, id_artiste) VALUES (@id_album, @id_artiste);
INSERT INTO morceau (titre, duree, style_musical, emplacement_morceau) VALUES ("Intelligence Artificielle", "06.34", "acidcore", "http://prj-web-cir2-grp-58/assets/music/Le_Wanksi/Intelligence_Artificielle_Intelligence_Artificielle.mp3");
SET @id_morceau := LAST_INSERT_ID();
INSERT INTO album_contient_morceaux (id_album, id_morceau) VALUES (@id_album, @id_morceau);
INSERT INTO album (titre, date_parution, cover) VALUES ("Herbe Lactée", "2023-03-04", "https://i.scdn.co/image/ab67616d0000b273d63926feac2e3e7b83aa7b31");
SET @id_album := LAST_INSERT_ID();
INSERT INTO a_publie (id_album, id_artiste) VALUES (@id_album, @id_artiste);
INSERT INTO morceau (titre, duree, style_musical, emplacement_morceau) VALUES ("Herbe Lactée", "06.58", "acidcore", "http://prj-web-cir2-grp-58/assets/music/Le_Wanksi/Herbe_Lactee_Herbe_Lactee.mp3");
SET @id_morceau := LAST_INSERT_ID();
INSERT INTO album_contient_morceaux (id_album, id_morceau) VALUES (@id_album, @id_morceau);
INSERT INTO album (titre, date_parution, cover) VALUES ("Gesaffelstek", "2023-03-04", "https://i.scdn.co/image/ab67616d0000b2732e4715ace4b06730401c744c");
SET @id_album := LAST_INSERT_ID();
INSERT INTO a_publie (id_album, id_artiste) VALUES (@id_album, @id_artiste);
INSERT INTO morceau (titre, duree, style_musical, emplacement_morceau) VALUES ("Gesaffelstek", "05.55", "acidcore", "http://prj-web-cir2-grp-58/assets/music/Le_Wanksi/Gesaffelstek_Gesaffelstek.mp3");
SET @id_morceau := LAST_INSERT_ID();
INSERT INTO album_contient_morceaux (id_album, id_morceau) VALUES (@id_album, @id_morceau);
INSERT INTO album (titre, date_parution, cover) VALUES ("Est-ce que tu veux un ballon ?", "2023-03-04", "https://i.scdn.co/image/ab67616d0000b273522005ee71d81f217cd7bf55");
SET @id_album := LAST_INSERT_ID();
INSERT INTO a_publie (id_album, id_artiste) VALUES (@id_album, @id_artiste);
INSERT INTO morceau (titre, duree, style_musical, emplacement_morceau) VALUES ("Est-ce que tu veux un ballon ?", "04.30", "acidcore", "http://prj-web-cir2-grp-58/assets/music/Le_Wanksi/Est-ce_que_tu_veux_un_ballon___Est-ce_que_tu_veux_un_ballon__.mp3");
SET @id_morceau := LAST_INSERT_ID();
INSERT INTO album_contient_morceaux (id_album, id_morceau) VALUES (@id_album, @id_morceau);
INSERT INTO album (titre, date_parution, cover) VALUES ("Esprit Éveillé, Corps Endormi", "2023-03-04", "https://i.scdn.co/image/ab67616d0000b273b0bd48d6033d254b264023c1");
SET @id_album := LAST_INSERT_ID();
INSERT INTO a_publie (id_album, id_artiste) VALUES (@id_album, @id_artiste);
INSERT INTO morceau (titre, duree, style_musical, emplacement_morceau) VALUES ("Esprit Éveillé, Corps Endormi", "05.59", "acidcore", "http://prj-web-cir2-grp-58/assets/music/Le_Wanksi/Esprit_Eveille__Corps_Endormi_Esprit_Eveille__Corps_Endormi.mp3");
SET @id_morceau := LAST_INSERT_ID();
INSERT INTO album_contient_morceaux (id_album, id_morceau) VALUES (@id_album, @id_morceau);
INSERT INTO album (titre, date_parution, cover) VALUES ("Du Sale", "2023-03-04", "https://i.scdn.co/image/ab67616d0000b273e6e4872b8509f5097483869d");
SET @id_album := LAST_INSERT_ID();
INSERT INTO a_publie (id_album, id_artiste) VALUES (@id_album, @id_artiste);
INSERT INTO morceau (titre, duree, style_musical, emplacement_morceau) VALUES ("Du Sale", "04.30", "acidcore", "http://prj-web-cir2-grp-58/assets/music/Le_Wanksi/Du_Sale_Du_Sale.mp3");
SET @id_morceau := LAST_INSERT_ID();
INSERT INTO album_contient_morceaux (id_album, id_morceau) VALUES (@id_album, @id_morceau);
INSERT INTO album (titre, date_parution, cover) VALUES ("Dimensions", "2023-03-04", "https://i.scdn.co/image/ab67616d0000b273b90bbde4419840d2701b2354");
SET @id_album := LAST_INSERT_ID();
INSERT INTO a_publie (id_album, id_artiste) VALUES (@id_album, @id_artiste);
INSERT INTO morceau (titre, duree, style_musical, emplacement_morceau) VALUES ("Dimensions", "04.45", "acidcore", "http://prj-web-cir2-grp-58/assets/music/Le_Wanksi/Dimensions_Dimensions.mp3");
SET @id_morceau := LAST_INSERT_ID();
INSERT INTO album_contient_morceaux (id_album, id_morceau) VALUES (@id_album, @id_morceau);
INSERT INTO album (titre, date_parution, cover) VALUES ("Cœur De Sable", "2023-03-04", "https://i.scdn.co/image/ab67616d0000b27391d74b41383c298a5efcd161");
SET @id_album := LAST_INSERT_ID();
INSERT INTO a_publie (id_album, id_artiste) VALUES (@id_album, @id_artiste);
INSERT INTO morceau (titre, duree, style_musical, emplacement_morceau) VALUES ("Cœur De Sable", "05.58", "acidcore", "http://prj-web-cir2-grp-58/assets/music/Le_Wanksi/Coeur_De_Sable_Coeur_De_Sable.mp3");
SET @id_morceau := LAST_INSERT_ID();
INSERT INTO album_contient_morceaux (id_album, id_morceau) VALUES (@id_album, @id_morceau);
INSERT INTO album (titre, date_parution, cover) VALUES ("Consomme", "2023-03-04", "https://i.scdn.co/image/ab67616d0000b273ed7b544dc0b644ec4c3f6e3b");
SET @id_album := LAST_INSERT_ID();
INSERT INTO a_publie (id_album, id_artiste) VALUES (@id_album, @id_artiste);
INSERT INTO morceau (titre, duree, style_musical, emplacement_morceau) VALUES ("Consomme", "05.13", "acidcore", "http://prj-web-cir2-grp-58/assets/music/Le_Wanksi/Consomme_Consomme.mp3");
SET @id_morceau := LAST_INSERT_ID();
INSERT INTO album_contient_morceaux (id_album, id_morceau) VALUES (@id_album, @id_morceau);
INSERT INTO album (titre, date_parution, cover) VALUES ("Clapotis", "2023-03-04", "https://i.scdn.co/image/ab67616d0000b273f4c6e04a98b2cc1436bf72c9");
SET @id_album := LAST_INSERT_ID();
INSERT INTO a_publie (id_album, id_artiste) VALUES (@id_album, @id_artiste);
INSERT INTO morceau (titre, duree, style_musical, emplacement_morceau) VALUES ("Clapotis", "05.20", "acidcore", "http://prj-web-cir2-grp-58/assets/music/Le_Wanksi/Clapotis_Clapotis.mp3");
SET @id_morceau := LAST_INSERT_ID();
INSERT INTO album_contient_morceaux (id_album, id_morceau) VALUES (@id_album, @id_morceau);
INSERT INTO album (titre, date_parution, cover) VALUES ("Bleue Comme Une Orange", "2023-03-04", "https://i.scdn.co/image/ab67616d0000b27373576d0d1e9f57472ce5d4d4");
SET @id_album := LAST_INSERT_ID();
INSERT INTO a_publie (id_album, id_artiste) VALUES (@id_album, @id_artiste);
INSERT INTO morceau (titre, duree, style_musical, emplacement_morceau) VALUES ("Bleue Comme Une Orange", "02.32", "acidcore", "http://prj-web-cir2-grp-58/assets/music/Le_Wanksi/Bleue_Comme_Une_Orange_Bleue_Comme_Une_Orange.mp3");
SET @id_morceau := LAST_INSERT_ID();
INSERT INTO album_contient_morceaux (id_album, id_morceau) VALUES (@id_album, @id_morceau);
INSERT INTO album (titre, date_parution, cover) VALUES ("Bella Ciao", "2023-03-04", "https://i.scdn.co/image/ab67616d0000b273ae9e0e7fa15eb9fe86ebf430");
SET @id_album := LAST_INSERT_ID();
INSERT INTO a_publie (id_album, id_artiste) VALUES (@id_album, @id_artiste);
INSERT INTO morceau (titre, duree, style_musical, emplacement_morceau) VALUES ("Bella Ciao", "05.17", "acidcore", "http://prj-web-cir2-grp-58/assets/music/Le_Wanksi/Bella_Ciao_Bella_Ciao.mp3");
SET @id_morceau := LAST_INSERT_ID();
INSERT INTO album_contient_morceaux (id_album, id_morceau) VALUES (@id_album, @id_morceau);
INSERT INTO album (titre, date_parution, cover) VALUES ("Attention zone de bruit", "2023-03-04", "https://i.scdn.co/image/ab67616d0000b2734e5b54e3ca6833cbbde0b719");
SET @id_album := LAST_INSERT_ID();
INSERT INTO a_publie (id_album, id_artiste) VALUES (@id_album, @id_artiste);
INSERT INTO morceau (titre, duree, style_musical, emplacement_morceau) VALUES ("Attention zone de bruit", "04.40", "acidcore", "http://prj-web-cir2-grp-58/assets/music/Le_Wanksi/Attention_zone_de_bruit_Attention_zone_de_bruit.mp3");
SET @id_morceau := LAST_INSERT_ID();
INSERT INTO album_contient_morceaux (id_album, id_morceau) VALUES (@id_album, @id_morceau);
INSERT INTO album (titre, date_parution, cover) VALUES ("Atlantide", "2023-03-04", "https://i.scdn.co/image/ab67616d0000b27356a9e4650701503c6e0fbcf8");
SET @id_album := LAST_INSERT_ID();
INSERT INTO a_publie (id_album, id_artiste) VALUES (@id_album, @id_artiste);
INSERT INTO morceau (titre, duree, style_musical, emplacement_morceau) VALUES ("Atlantide", "07.22", "acidcore", "http://prj-web-cir2-grp-58/assets/music/Le_Wanksi/Atlantide_Atlantide.mp3");
SET @id_morceau := LAST_INSERT_ID();
INSERT INTO album_contient_morceaux (id_album, id_morceau) VALUES (@id_album, @id_morceau);
INSERT INTO album (titre, date_parution, cover) VALUES ("Aseptisés", "2023-03-04", "https://i.scdn.co/image/ab67616d0000b2735bc6ada67d533450ef5f97d0");
SET @id_album := LAST_INSERT_ID();
INSERT INTO a_publie (id_album, id_artiste) VALUES (@id_album, @id_artiste);
INSERT INTO morceau (titre, duree, style_musical, emplacement_morceau) VALUES ("Aseptisés", "05.29", "acidcore", "http://prj-web-cir2-grp-58/assets/music/Le_Wanksi/Aseptises_Aseptises.mp3");
SET @id_morceau := LAST_INSERT_ID();
INSERT INTO album_contient_morceaux (id_album, id_morceau) VALUES (@id_album, @id_morceau);
INSERT INTO album (titre, date_parution, cover) VALUES ("Arya Tara", "2023-03-04", "https://i.scdn.co/image/ab67616d0000b273528c86495a476f25d069b882");
SET @id_album := LAST_INSERT_ID();
INSERT INTO a_publie (id_album, id_artiste) VALUES (@id_album, @id_artiste);
INSERT INTO morceau (titre, duree, style_musical, emplacement_morceau) VALUES ("Arya Tara", "07.15", "acidcore", "http://prj-web-cir2-grp-58/assets/music/Le_Wanksi/Arya_Tara_Arya_Tara.mp3");
SET @id_morceau := LAST_INSERT_ID();
INSERT INTO album_contient_morceaux (id_album, id_morceau) VALUES (@id_album, @id_morceau);
INSERT INTO album (titre, date_parution, cover) VALUES ("Aquabiome", "2023-03-04", "https://i.scdn.co/image/ab67616d0000b273c765a7992f84bc2faf56d066");
SET @id_album := LAST_INSERT_ID();
INSERT INTO a_publie (id_album, id_artiste) VALUES (@id_album, @id_artiste);
INSERT INTO morceau (titre, duree, style_musical, emplacement_morceau) VALUES ("Aquabiome", "07.22", "acidcore", "http://prj-web-cir2-grp-58/assets/music/Le_Wanksi/Aquabiome_Aquabiome.mp3");
SET @id_morceau := LAST_INSERT_ID();
INSERT INTO album_contient_morceaux (id_album, id_morceau) VALUES (@id_album, @id_morceau);
INSERT INTO album (titre, date_parution, cover) VALUES ("Corrosif", "2018-12-18", "https://i.scdn.co/image/ab67616d0000b273d21f0084a53e557747dbf290");
SET @id_album := LAST_INSERT_ID();
INSERT INTO a_publie (id_album, id_artiste) VALUES (@id_album, @id_artiste);
INSERT INTO morceau (titre, duree, style_musical, emplacement_morceau) VALUES ("Corrosif", "07.15", "acidcore", "http://prj-web-cir2-grp-58/assets/music/Le_Wanksi/Corrosif_Corrosif.mp3");
SET @id_morceau := LAST_INSERT_ID();
INSERT INTO album_contient_morceaux (id_album, id_morceau) VALUES (@id_album, @id_morceau);
